use db_cronos_2014;

INSERT INTO periodo(id_periodo, nome_periodo, descricao_periodo, data_inicio_periodo, data_termino_periodo, is_periodo_letivo) VALUES 
(1, 'Recesso - 2013.2', 'Férias de 2013.2', '2013-12-15', '2014-01-26', 0),
(2, 'Periodo Letivo - 2014.1', 'Periodo Letivo 2014.1', '2014-01-27', '2014-06-14', 1);

INSERT INTO tipo(id_tipo, nome_tipo, descricao_tipo) VALUES 
(1, 'Convencional', 'Perfil para aulas convencionais'),
(2, 'Laboratório', 'Perfil para caracterizar realização de aulas de informática'),
(3, 'Prancheta', 'Perfil para aulas em sala de aula com prancheta');

INSERT INTO funcionario(id_funcionario, nome_funcionario, matricula_funcionario, cpf_funcionario, email_funcionario, telefone_funcionario) VALUES 
(1, 'Funcionario ADMIN', 'pitagoras', '', 'funcionario_admin@ct.ufrn.br', '12345678'),
(2, 'Supervisão do Setor IV', 'supervisao', '', 'supervisao@ct.ufrn.br', '12345678'),
(3, 'José Daniel Melo', '1202134', '', 'daniel.melo@ufrnet.br ', '12345678'),
(4, 'João Bosco', '0347304', '', 'bosco@dem.ufrn.br', '12345678'),
(5, 'Kilder Ribeiro', '000000000', '', 'email@email.com', '88000892'),
(6, 'Leonardo Martins', '2010116943', '', 'email@email.com', '88295996'),
(7, 'Giulianne Paola Sousa', '2009055586', '', 'email@email.com', '00000000'),
(8, 'Emanuella', '000000000', '', 'email@email.com', '88335480'),
(9, 'Humberto Cesár', '000000000', '13097628487', 'email@email.com', '88367966'),
(10, 'Dinarte Aeda da Silva', '0346612', '', 'email@email.com', '99830502'),
(11, 'Adriano Rangel', '000000000', '29183375449', 'email@email.com', '99150062'),
(12, 'Maria Cláudia', '000000000', '05897885400', 'email@email.com', '32050424'),
(13, 'Tábatta Cristine Chaves de Lima', '2012110134', '', 'email@email.com', '88128352'),
(14, 'Franklin Zeno Nascimento Sousa', '2010049217', '', 'email@email.com', '98384254'),
(15, 'Valentim Obac Roda', '000000000', '', 'email@email.com', '99288647'),
(16, 'Carlos Eduardo Moura', '2009055551', '', 'email@email.com', '88164834');

INSERT INTO usuario(id_usuario, login_usuario, senha_usuario, ativo_usuario, tentativas_login_usuario, id_funcionario) VALUES 
(1, 'pitagoras', 'a688a47ac73fb58ce3828bcb184cb157', 1, 0, 1),
(2, 'supervisao', '632b62a30539c7eea1b8fe4eaf133970', 1, 0, 2),
(3, 'daniel', '71b3b26aaa319e0cdf6fdb8429c112b0', 1, 0, 3),
(4, 'bosco', '71b3b26aaa319e0cdf6fdb8429c112b0', 1, 0, 4);

INSERT INTO perfil(id_perfil, nome_perfil, descricao_perfil) VALUES 
(1, 'ROLE_ADMINISTRADOR', 'Perfil para administradores'),
(2, 'ROLE_USUARIO', 'Perfil para usuários comuns'),
(3, 'ROLE_SUPERVISAO', 'Perfil para o pessoal da supervisão do Setor IV'),
(4, 'ROLE_DIRECAO_CT', 'Perfil para o pessoal da direção do CT');

INSERT INTO usuario_perfil(id_usuario, id_perfil) VALUES (1, 1), (2, 3), (3, 4),(4, 4);
                                                         
INSERT INTO predio(id_predio, nome_predio, descricao_predio) VALUES 
(1, 'Setor IV', 'Prédio do Setor IV de Aulas'),
(2, 'Escola de Ciências e Tecnologia', 'Prédio da Escola de Ciências e Tecnologia'),
(3, 'Núcleo de Tecnologia Industrial', 'Prédio do Núcleo de Tecnologia Industrial'),
(4, 'Laboratório de Arquitetura', 'Prédio do Laboratório de Arquitetura'),
(5, 'Laboratório de Têxtil', 'Laboratório de Engenharia Textil'),
(6, 'DCA', 'Departamento de Computação e Automação');

INSERT INTO sala(id_sala, nome_sala, descricao_sala, capacidade_sala, tipo_quadro_sala, utilizar_distribuicao, utilizar_agendamento, distribuir, id_predio, id_tipo) VALUES
(1, '4A1', '4A1', 50, 'Branco', 1, 1, 1, 1, 1),
(2, '4A2', '4A2', 50, 'Branco', 1, 1, 1, 1, 1),
(3, '4A3', '4A3', 50, 'Branco', 1, 1, 1, 1, 1),
(4, '4A4', '4A4', 50, 'Branco', 1, 1, 1, 1, 1),
(5, '4A5', '4A5', 50, 'Branco', 1, 1, 1, 1, 1),
(6, '4A6', '4A6', 50, 'Branco', 1, 1, 1, 1, 1),
(7, '4A7', '4A7', 50, 'Branco', 1, 1, 1, 1, 1),
(8, '4A8', '4A8', 50, 'Branco', 1, 1, 1, 1, 1),
(9, '4A9', '4A9', 50, 'Branco', 1, 1, 1, 1, 1),
(10, '4A10', '4A10', 50, 'Branco', 1, 1, 1, 1, 1),
(11, '4B1', '4B1', 60, 'Branco', 1, 1, 1, 1, 1),
(12, '4B2', '4B2', 60, 'Branco', 1, 1, 1, 1, 1),
(13, '4B3', '4B3', 60, 'Branco', 1, 1, 1, 1, 1),
(14, '4B4', '4B4', 20, 'Branco', 1, 1, 1, 1, 1),
(15, '4C1', '4C1', 35, 'Branco', 1, 1, 1, 1, 1),
(16, '4C2', '4C2', 35, 'Branco', 1, 1, 1, 1, 1),
(17, '4C3', '4C3', 35, 'Branco', 1, 1, 1, 1, 1),
(18, '4C4', '4C4', 35, 'Branco', 1, 1, 1, 1, 1),
(19, '4C5', '4C5', 45, 'Branco', 1, 1, 1, 1, 1),
(20, '4C6', '4C6', 20, 'Branco', 1, 1, 0, 1, 2),
(23, '4E3', '4E3', 30, 'Branco', 1, 1, 1, 1, 2),
(24, '4E5', '4E5', 50, 'Branco', 1, 1, 1, 1, 2),
(25, '4E6', '4E6', 50, 'Branco', 1, 1, 1, 1, 2),
(26, '4F1', '4F1', 50, 'Branco', 1, 1, 1, 1, 1),
(27, '4F2', '4F2', 50, 'Branco', 1, 1, 1, 1, 1),
(28, '4F3', '4F3', 55, 'Branco', 1, 1, 1, 1, 1),
(29, '4F4', '4F4', 50, 'Branco', 1, 1, 1, 1, 1),
(32, '4G2', '4G2', 50, 'Branco', 1, 1, 1, 1, 1),
(33, '4G3', '4G3', 50, 'Branco', 1, 1, 1, 1, 1),
(35, '4G4', '4G4', 55, 'Branco', 1, 1, 1, 1, 1),
(36, '4G5', '4G5', 50, 'Branco', 1, 1, 1, 1, 1),
(37, '4G6', '4G6', 50, 'Branco', 1, 1, 1, 1, 3),
(42, '4I2', '4I2', 50, 'Branco', 1, 1, 1, 1, 1),
(43, '4I3', '4I3', 50, 'Branco', 1, 1, 1, 1, 1),
(44, '4I4', '4I4', 50, 'Branco', 1, 1, 1, 1, 1),
(45, '4I5', '4I5', 50, 'Branco', 1, 1, 1, 1, 1),
(46, '4I6', '4I6', 50, 'Branco', 1, 1, 1, 1, 1),
(47, '4I7', '4I7', 50, 'Branco', 1, 1, 1, 1, 1),
(48, '4I8', '4I8', 50, 'Branco', 1, 1, 1, 1, 1),
(49, '4I9', '4I9', 50, 'Branco', 1, 1, 1, 1, 1),
(50, '4I10', '4I10', 50, 'Branco', 1, 1, 1, 1, 1),
(52, '4H2', '4H2', 30, 'Branco', 1, 1, 1, 1, 3),
(53, '4H3', '4H3', 30, 'Branco', 1, 1, 1, 1, 3),
(54, '4H4', '4H4', 50, 'Branco', 1, 1, 1, 1, 3),
(55, 'AUDITÓRIO', 'AUDITÓRIO', 70, 'Branco', 1, 1, 1, 1, 1),
(57, '4G1', '4G1', 20, 'Branco', 1, 1, 1, 1, 2),
(59, '4B5', '4B5', 50, 'Branco', 1, 1, 1, 1, 1),
(61, 'Laboratório de Maquetes', 'Lab. Arquitetura', 60, 'Branco', 1, 1, 1, 4, 1),
(78, 'LABINFO', 'LABINFO', 50, 'Branco', 1, 1, 1, 4, 2),
(79, 'LABCOM', 'LABCOM', 50, 'Branco', 1, 1, 1, 4, 2),
(81, 'LABORATÓRIO DE MALHARIA', 'LABORATÓRIO DE MALHARIA', 50, 'Negro/Branco', 1, 1, 1, 4, 1),
(85, '4H1', '4H1', 30, 'Branco', 1, 1, 1, 1, 3),
(86, 'D2', 'INFORMÁTICA', 40, 'Branco', 1, 1, 1, 1, 2),
(90, 'LABORATÓRIO DE ARQUITETURA', 'LABORATÓRIO DE MECÂNICA DOS FLUIDOS ', 50, 'Branco', 1, 1, 1, 4, 2),
(91, 'LAB METROLOGIA', 'LAB METROLOGIA', 50, 'Branco', 1, 1, 1, 3, 2),
(94, 'LAB MEC FLUÍDOS', 'LAB MEC FLUÍDOS', 50, 'Branco', 1, 1, 1, 3, 2),
(95, 'LAB MANUFATURA', 'LAB MANUFATURA', 50, 'Branco', 1, 1, 1, 3, 2),
(96, 'LAB TRANSMISSÃO CALOR', 'LAB TRANSMISSÃO CALOR', 50, 'Branco', 1, 1, 1, 3, 2),
(97, 'LAB MAQUETES', 'LAB MAQUETES', 50, 'Branco', 1, 1, 1, 4, 2),
(98, 'LAB ARQUITETURA', 'LAB ARQUITETURA', 50, 'Branco', 1, 1, 1, 4, 2),
(101, 'LAB CIRCUITOS ELETRONICOS', 'LAB CIRCUITOS ELETRONICOS', 50, 'Branco', 1, 1, 1, 3, 2),
(102, 'LAB MALHARIA', 'LAB MALHARIA', 50, 'Branco', 1, 1, 1, 5, 2),
(103, 'LABTEX', 'LABTEX', 50, 'Branco', 1, 1, 1, 5, 2),
(104, 'LAB VESTUÁRIO', 'LAB VESTUÁRIO', 50, 'Branco', 1, 1, 1, 5, 2),
(105, 'SALA DE LABTEX', 'SALA DE LABTEX', 50, 'Branco', 1, 1, 1, 5, 1),
(106, 'LABCMAT', 'LABCMAT', 50, 'Branco', 1, 1, 1, 5, 2),
(107, 'LABCAD', 'LABCAD', 50, 'Branco', 1, 1, 1, 5, 2),
(108, 'LAB GRADUAÇÃO', 'LAB GRADUAÇÃO', 50, 'Branco', 1, 1, 1, 6, 2),
(109, 'LAB CONTROLE', 'LAB CONTROLE', 50, 'Branco', 1, 1, 1, 6, 2),
(110, 'LAB ENERGIA', 'LAB ENERGIA', 50, 'Branco', 1, 1, 1, 3, 2),
(111, 'LAB OPERAÇÕES UNITÁRIAS I E II', 'LAB OPERAÇÕES UNITÁRIAS I E II', 50, 'Branco', 1, 1, 1, 3, 2),
(112, 'NTI', 'NTI', 50, 'Branco', 1, 1, 1, 3, 2),
(113, 'LAB GRADUAÇÃO', 'LAB GRADUAÇÃO', 50, 'Branco', 1, 1, 1, 6, 2),
(114, 'ÁTRIO E SALA MAQUETES', 'ÁTRIO E SALA MAQUETES', 50, 'Branco', 1, 1, 1, 4, 2),
(115, 'LAB INFORMÁTICA ENG. PRODUÇÃO', 'LAB INFORMÁTICA ENG. PRODUÇÃO', 50, 'Branco', 1, 1, 1, 4, 2),
(116, 'LABTEX 2', 'LABTEX 2', 50, 'Branco', 1, 1, 1, 5, 2),
(117, 'LABTEX 3', 'LABTEX 3', 50, 'Branco', 1, 1, 1, 5, 3),
(118, 'LAB DE CIRCUITOS ELETRONICOS', 'LAB DE CIRCUITOS ELETRONICOS', 50, 'Branco', 1, 1, 1, 3, 2),
(119, 'LAB DE CIRCUITOS ELETRONICOS 2', 'LAB DE CIRCUITOS ELETRONICOS 2', 50, 'Branco', 1, 1, 1, 3, 2),
(120, 'LAB DE COMUNICAÇÕES 1', 'LAB DE COMUNICAÇÕES 1', 50, 'Branco', 1, 1, 1, 3, 2),
(121, 'LAB DE COMUNICAÇÕES 2', 'LAB DE COMUNICAÇÕES 2', 50, 'Branco', 1, 1, 1, 3, 2),
(122, 'LAB DE SISTEMAS DIGITAIS', 'LAB DE SISTEMAS DIGITAIS', 50, 'Branco', 1, 1, 1, 3, 2),
(123, 'LAB DE SISTEMAS DIGITAIS 2', 'LAB DE SISTEMAS DIGITAIS 2', 50, 'Branco', 1, 1, 1, 3, 2),
(124, 'LAB DE OPERAÇÕES UNITÁRIAS I', 'LAB DE OPERAÇÕES UNITÁRIAS I', 50, 'Branco', 1, 1, 1, 3, 2),
(125, 'LABORATÓRIO DE OPERAÇÕES UNITÁRIAS II', 'LABORATÓRIO DE OPERAÇÕES UNITÁRIAS II', 50, 'Branco', 1, 1, 1, 3, 2),
(126, 'ECT', 'ECT', 50, 'Branco', 1, 1, 1, 2, 2),
(127, 'LABTEX 3', 'LABTEX 3', 50, 'Branco', 1, 1, 1, 5, 2),
(128, 'NTI II', 'NTI II', 50, 'Branco', 1, 1, 1, 3, 2);

INSERT INTO horario(id_horario, horario, inicio_horario, termino_horario, horario_intermediario, turno) VALUES
(1, 1, '06:30:00', '07:50:59', '07:26:00', 'M'),
(2, 2, '07:51:00', '08:40:59', '08:15:00', 'M'),
(3, 3, '08:41:00', '09:45:59', '09:20:00', 'M'),
(4, 4, '09:46:00', '10:35:59', '10:10:00', 'M'),
(5, 5, '10:36:00', '11:40:59', '11:15:00', 'M'),
(6, 6, '11:41:00', '12:30:59', '12:05:00', 'M'),
(7, 1, '12:31:00', '13:50:59', '13:25:00', 'T'),
(8, 2, '13:51:00', '14:40:59', '13:15:00', 'T'),
(9, 3, '14:41:00', '15:45:59', '15:20:00', 'T'),
(10, 4, '15:46:00', '16:35:59', '16:10:00', 'T'),
(11, 5, '16:36:00', '17:40:59', '17:15:00', 'T'),
(12, 6, '17:41:00', '18:30:59', '18:05:00', 'T'),
(13, 1, '18:31:00', '19:35:59', '19:10:00', 'N'),
(14, 2, '19:36:00', '20:25:59', '20:00:00', 'N'),
(15, 3, '20:26:00', '21:25:59', '21:00:00', 'N'),
(16, 4, '21:26:00', '23:00:00', '21:50:00', 'N');

INSERT INTO operacao (id_operacao, nome_operacao) VALUES
(1, 'ENTRADA'),
(2, 'SAÍDA');

INSERT INTO chave(id_chave, codigo_chave, id_sala) VALUES
(1, '0401011', 1),
(2, '0401012', 1),
(3, '0401013', 1),
(4, '0401021', 2),
(5, '0401022', 2),
(6, '0401023', 2),
(7, '0401031', 3),
(8, '0401032', 3),
(9, '0401033', 3),
(10, '0401041', 4),
(11, '0401042', 4),
(12, '0401043', 4),
(13, '0401051', 5),
(14, '0401052', 5),
(15, '0401053', 5),
(16, '0401061', 6),
(17, '0401062', 6),
(18, '0401063', 6),
(19, '0401071', 7),
(20, '0401072', 7),
(21, '0401073', 7),
(22, '0401081', 8),
(23, '0401082', 8),
(24, '0401083', 8),
(25, '0401091', 9),
(26, '0401092', 9),
(27, '0401093', 9),
(28, '0401101', 10),
(29, '0401102', 10),
(30, '0401103', 10),
(31, '0402011', 11),
(32, '0402012', 11),
(33, '0402013', 11),
(34, '0402021', 12),
(35, '0402022', 12),
(36, '0402023', 12),
(37, '0402031', 13),
(38, '0402032', 13),
(39, '0402033', 13),
(40, '0402041', 14),
(41, '0402042', 14),
(42, '0402043', 14),
(43, '0402051', 59),
(44, '0402052', 59),
(45, '0402053', 59),
(46, '0403011', 15),
(47, '0403012', 15),
(48, '0403013', 15),
(49, '0403021', 16),
(50, '0403022', 16),
(51, '0403023', 16),
(52, '0403031', 17),
(53, '0403032', 17),
(54, '0403033', 17),
(55, '0403041', 18),
(56, '0403042', 18),
(57, '0403043', 18),
(58, '0403051', 19),
(59, '0403052', 19),
(60, '0403053', 19),
(61, '0403061', 20),
(62, '0403062', 20),
(63, '0403063', 20),
(64, '0405031', 23),
(65, '0405032', 23),
(66, '0405033', 23),
(67, '0405041', 55),
(68, '0405042', 55),
(69, '0405043', 55),
(70, '0405051', 24),
(71, '0405052', 24),
(72, '0405053', 24),
(73, '0405061', 25),
(74, '0405062', 25),
(75, '0405063', 25),
(76, '0406011', 26),
(77, '0406012', 26),
(78, '0406013', 26),
(79, '0406021', 27),
(80, '0406022', 27),
(81, '0406023', 27),
(82, '0406031', 28),
(83, '0406032', 28),
(84, '0406033', 28),
(85, '0406041', 29),
(86, '0406042', 29),
(87, '0406043', 29),
(88, '0407011', 57),
(89, '0407012', 57),
(90, '0407013', 57),
(91, '0407021', 32),
(92, '0407022', 32),
(93, '0407023', 32),
(94, '0407031', 33),
(95, '0407032', 33),
(96, '0407033', 33),
(97, '0407041', 35),
(98, '0407042', 35),
(99, '0407043', 35),
(100, '0407051', 36),
(101, '0407052', 36),
(102, '0407053', 36),
(103, '0407061', 37),
(104, '0407062', 37),
(105, '0407063', 37),
(106, '0408021', 52),
(107, '0408022', 52),
(108, '0408023', 52),
(109, '0408031', 53),
(110, '0408032', 53),
(111, '0408033', 53),
(112, '0408041', 54),
(113, '0408042', 54),
(114, '0408043', 54),
(115, '0409021', 42),
(116, '0409022', 42),
(117, '0409023', 42),
(118, '0409031', 43),
(119, '0409032', 43),
(120, '0409033', 43),
(121, '0409041', 44),
(122, '0409042', 44),
(123, '0409043', 44),
(124, '0409051', 45),
(125, '0409052', 45),
(126, '0409053', 45),
(127, '0409061', 46),
(128, '0409062', 46),
(129, '0409063', 46),
(130, '0409071', 47),
(131, '0409072', 47),
(132, '0409073', 47),
(133, '0409081', 48),
(134, '0409082', 48),
(135, '0409083', 48),
(136, '0409091', 49),
(137, '0409092', 49),
(138, '0409093', 49),
(139, '0409101', 50),
(140, '0409102', 50),
(141, '0409103', 50);

INSERT INTO agendamento(id_agendamento, motivo, id_funcionario, id_periodo) VALUES 
(1, 'Aula', 5, 1),
(2, 'Defesa de Doutorado', 6, 2),
(3, 'Qualificação de Doutorado', 6, 1),
(4, 'Apresentação de TCC', 7, 1),
(5, 'TCC', 8, 1),
(6, 'Qualificação de Doutorado - Anderson', 9, 1),
(7, 'Defessa de TCC', 10, 1),
(8, 'Apresentação de TCC', 11, 1),
(9, 'Apresentação de TCC', 11, 1),
(10, 'TCC', 12, 1),
(11, 'Qualificação de TCC', 13, 1),
(12, 'Mini Curso', 14, 1),
(13, 'Prova', 15, 1),
(14, 'TCC', 16, 1);

INSERT INTO disponibilidade_sala(data_reserva, id_sala, id_periodo, id_horario_sala, id_turma, id_agendamento) VALUES
('2013-12-18', 54, 1, 5, null, 1),
('2013-12-18', 54, 1, 6, null, 1),
('2013-12-25', 54, 1, 5, null, 1),
('2013-12-25', 54, 1, 6, null, 1),

('2014-01-27', 55, 2, 7, null, 2),
('2014-01-27', 55, 2, 8, null, 2),
('2014-01-27', 55, 2, 9, null, 2),
('2014-01-27', 55, 2, 10, null, 2),
('2014-01-27', 55, 2, 11, null, 2),
('2014-01-27', 55, 2, 12, null, 2),

('2013-12-20', 28, 1, 3, null, 3),
('2013-12-20', 28, 1, 4, null, 3),
('2013-12-20', 28, 1, 5, null, 3),
('2013-12-20', 28, 1, 6, null, 3),

('2013-12-18', 59, 1, 3, null, 4),
('2013-12-18', 59, 1, 4, null, 4),

('2013-12-19', 27, 1, 3, null, 5),
('2013-12-19', 27, 1, 4, null, 5),
('2013-12-19', 27, 1, 5, null, 5),
('2013-12-19', 27, 1, 6, null, 5),

('2013-12-27', 55, 1, 2, null, 6),
('2013-12-27', 55, 1, 3, null, 6),
('2013-12-27', 55, 1, 4, null, 6),
('2013-12-27', 55, 1, 5, null, 6),
('2013-12-27', 55, 1, 6, null, 6),

('2013-12-19', 29, 1, 2, null, 7),
('2013-12-19', 29, 1, 3, null, 7),
('2013-12-19', 29, 1, 4, null, 7),
('2013-12-19', 29, 1, 5, null, 7),
('2013-12-19', 29, 1, 6, null, 7),

('2013-12-19', 45, 1, 3, null, 8),
('2013-12-19', 45, 1, 4, null, 8),
('2013-12-19', 45, 1, 5, null, 8),

('2013-12-19', 43, 1, 5, null, 9),
('2013-12-19', 43, 1, 6, null, 9),

('2013-12-18', 32, 1, 8, null, 10),
('2013-12-18', 32, 1, 9, null, 10),
('2013-12-18', 32, 1, 10, null, 10),

('2013-12-17', 29, 1, 3, null, 11),
('2013-12-17', 29, 1, 4, null, 11),
('2013-12-17', 29, 1, 5, null, 11),

('2013-12-17', 57, 1, 8, null, 12),
('2013-12-17', 57, 1, 9, null, 12),
('2013-12-17', 57, 1, 10, null, 12),
('2013-12-17', 57, 1, 11, null, 12),
('2013-12-17', 57, 1, 12, null, 12),

('2013-12-18', 57, 1, 8, null, 12),
('2013-12-18', 57, 1, 9, null, 12),
('2013-12-18', 57, 1, 10, null, 12),
('2013-12-18', 57, 1, 11, null, 12),
('2013-12-18', 57, 1, 12, null, 12),

('2013-12-19', 57, 1, 8, null, 12),
('2013-12-19', 57, 1, 9, null, 12),
('2013-12-19', 57, 1, 10, null, 12),
('2013-12-19', 57, 1, 11, null, 12),
('2013-12-19', 57, 1, 12, null, 12),

('2013-12-20', 57, 1, 8, null, 12),
('2013-12-20', 57, 1, 9, null, 12),
('2013-12-20', 57, 1, 10, null, 12),
('2013-12-20', 57, 1, 11, null, 12),
('2013-12-20', 57, 1, 12, null, 12),

('2013-12-17', 27, 1, 3, null, 13),
('2013-12-17', 27, 1, 4, null, 13),
('2013-12-17', 27, 1, 5, null, 13),
('2013-12-17', 27, 1, 6, null, 13),

('2013-12-20', 29, 1, 2, null, 14),
('2013-12-20', 29, 1, 3, null, 14),
('2013-12-20', 29, 1, 4, null, 14),
('2013-12-20', 29, 1, 5, null, 14),
('2013-12-20', 29, 1, 6, null, 14);
