use db_cronos;

INSERT INTO periodo(id_periodo, nome_periodo, descricao_periodo, data_inicio_periodo, data_termino_periodo, is_periodo_letivo) VALUES 
(1, 'Recesso - 2013.2', 'Férias de 2013.2', '2013-06-28', '2013-07-27', 0),
(2, 'Periodo Letivo - 2013.2', 'Periodo Letivo 2013.2', '2013-07-28', '2013-12-26', 1);

INSERT INTO tipo(id_tipo, nome_tipo, descricao_tipo) VALUES 
(1, 'Convencional', 'Perfil para aulas convencionais'),
(2, 'Laboratório', 'Perfil para caracterizar realização de aulas de informática'),
(3, 'Prancheta', 'Perfil para aulas em sala de aula com prancheta');

INSERT INTO funcionario(id_funcionario, nome_funcionario, matricula_funcionario, cpf_funcionario, email_funcionario, telefone_funcionario) VALUES 
(1, 'Funcionario ADMIN', 'pitagoras', '', 'funcionario_admin@ct.ufrn.br', '12345678'),
(2, 'Supervisão do Setor IV', 'supervisao', '', 'supervisao@ct.ufrn.br', '12345678'),
(3, 'José Daniel Melo', '1202134', '', 'daniel.melo@ufrnet.br ', '12345678'),
(4, 'João Bosco', '0347304', '', 'bosco@dem.ufrn.br', '12345678'),
(5, 'Erick Sharlls', '1757675', '', 'erick@ct.ufrn.br', '12345678');

INSERT INTO usuario(id_usuario, login_usuario, senha_usuario, ativo_usuario, tentativas_login_usuario, id_funcionario) VALUES 
(1, 'pitagoras', 'a688a47ac73fb58ce3828bcb184cb157', 1, 0, 1),
(2, 'supervisao', '632b62a30539c7eea1b8fe4eaf133970', 1, 0, 2),
(3, 'daniel', '71b3b26aaa319e0cdf6fdb8429c112b0', 1, 0, 3),
(4, 'bosco', '71b3b26aaa319e0cdf6fdb8429c112b0', 1, 0, 4),
(5, 'erick', 'a688a47ac73fb58ce3828bcb184cb157', 1, 0, 5);

INSERT INTO perfil(id_perfil, nome_perfil, descricao_perfil) VALUES 
(1, 'ROLE_ADMINISTRADOR', 'Perfil para administradores'),
(2, 'ROLE_USUARIO', 'Perfil para usuários comuns'),
(3, 'ROLE_SUPERVISAO', 'Perfil para o pessoal da supervisão do Setor IV'),
(4, 'ROLE_DIRECAO_CT', 'Perfil para o pessoal da direção do CT'),
(5, 'ROLE_CHEFE_DEPARTAMENTO', 'Perfil para os chefes de departamento de curso do CT');

INSERT INTO usuario_perfil(id_usuario, id_perfil) VALUES (1, 1), (2, 3), (3, 4), (4, 4), (5, 5);

INSERT INTO `operacao` (`id_operacao`, `nome_operacao`) VALUES
(1, 'ENTRADA'),
(2, 'SAÍDA');

INSERT INTO `predio` (`id_predio`, `nome_predio`, `descricao_predio`) VALUES
(1, 'Setor de Aulas IV', 'Prédio do Setor IV de Aulas'),
(2, 'Escola de Ciências e Tecnologia', 'Prédio da Escola de Ciências e Tecnologia'),
(3, 'Núcleo de Tecnologia Industrial', 'Prédio do Núcleo de Tecnologia Industrial'),
(4, 'Laboratório de Arquitetura', 'Prédio do Laboratório de Arquitetura'),
(5, 'Laboratório de Têxtil', 'Laboratório de Engenharia Textil'),
(6, 'DCA', 'Departamento de Computação e Automação');

INSERT INTO `sala` (`id_sala`, `nome_sala`, `descricao_sala`, `capacidade_sala`, `tipo_quadro_sala`, `utilizar_distribuicao`, `utilizar_agendamento`, `distribuir`, `id_tipo`, `id_predio`) VALUES
(1, '4A1', '4A1', 50, 'Branco', 1, 1, 1, 1, 1),
(2, '4A2', '4A2', 50, 'Branco', 1, 1, 1, 1, 1),
(3, '4A3', '4A3', 50, 'Branco', 1, 1, 1, 1, 1),
(4, '4A4', '4A4', 50, 'Branco', 1, 1, 1, 1, 1),
(5, '4A5', '4A5', 50, 'Branco', 1, 1, 1, 1, 1),
(6, '4A6', '4A6', 50, 'Branco', 1, 1, 1, 1, 1),
(7, '4A7', '4A7', 50, 'Branco', 1, 1, 1, 1, 1),
(8, '4A8', '4A8', 50, 'Branco', 1, 1, 1, 1, 1),
(9, '4A9', '4A9', 50, 'Branco', 1, 1, 1, 1, 1),
(10, '4A10', '4A10', 50, 'Branco', 1, 1, 1, 1, 1),
(11, '4B1', '4B1', 60, 'Branco', 1, 1, 1, 1, 1),
(12, '4B2', '4B2', 60, 'Branco', 1, 1, 1, 1, 1),
(13, '4B3', '4B3', 60, 'Branco', 1, 1, 1, 1, 1),
(14, '4B4', '4B4', 20, 'Branco', 1, 1, 1, 1, 1),
(15, '4C1', '4C1', 35, 'Branco', 1, 1, 1, 1, 1),
(16, '4C2', '4C2', 35, 'Branco', 1, 1, 1, 1, 1),
(17, '4C3', '4C3', 35, 'Branco', 1, 1, 1, 1, 1),
(18, '4C4', '4C4', 35, 'Branco', 1, 1, 1, 1, 1),
(19, '4C5', '4C5', 45, 'Branco', 1, 1, 1, 1, 1),
(20, '4C6', '4C6', 50, 'Branco', 1, 1, 0, 2, 1),
(23, '4E3', '4E3', 40, 'Branco', 1, 1, 1, 2, 1),
(24, '4E5', '4E5', 50, 'Branco', 1, 1, 1, 2, 1),
(25, '4E6', '4E6', 50, 'Branco', 1, 1, 1, 2, 1),
(26, '4F1', '4F1', 50, 'Branco', 1, 1, 1, 1, 1),
(27, '4F2', '4F2', 50, 'Branco', 1, 1, 1, 1, 1),
(28, '4F3', '4F3', 55, 'Branco', 1, 1, 1, 1, 1),
(29, '4F4', '4F4', 50, 'Branco', 1, 1, 1, 1, 1),
(32, '4G2', '4G2', 50, 'Branco', 1, 1, 1, 1, 1),
(33, '4G3', '4G3', 50, 'Branco', 1, 1, 1, 1, 1),
(35, '4G4', '4G4', 55, 'Branco', 1, 1, 1, 1, 1),
(36, '4G5', '4G5', 50, 'Branco', 1, 1, 1, 1, 1),
(37, '4G6', '4G6', 50, 'Branco', 1, 1, 1, 3, 1),
(42, '4I2', '4I2', 50, 'Branco', 1, 1, 1, 1, 1),
(43, '4I3', '4I3', 50, 'Branco', 1, 1, 1, 1, 1),
(44, '4I4', '4I4', 50, 'Branco', 1, 1, 1, 1, 1),
(45, '4I5', '4I5', 50, 'Branco', 1, 1, 1, 1, 1),
(46, '4I6', '4I6', 50, 'Branco', 1, 1, 1, 1, 1),
(47, '4I7', '4I7', 50, 'Branco', 1, 1, 1, 1, 1),
(48, '4I8', '4I8', 50, 'Branco', 1, 1, 1, 1, 1),
(49, '4I9', '4I9', 50, 'Branco', 1, 1, 1, 1, 1),
(50, '4I10', '4I10', 50, 'Branco', 1, 1, 1, 1, 1),
(52, '4H2', '4H2', 30, 'Branco', 1, 1, 1, 3, 1),
(53, '4H3', '4H3', 30, 'Branco', 1, 1, 1, 3, 1),
(54, '4H4', '4H4', 50, 'Branco', 1, 1, 1, 3, 1),
(55, 'AUDITÓRIO', 'AUDITÓRIO', 70, 'Branco', 1, 1, 1, 1, 1),
(57, '4G1', '4G1', 50, 'Branco', 1, 1, 1, 2, 1),
(59, '4B5', '4B5', 50, 'Branco', 1, 1, 1, 1, 1),
(61, 'Laboratório de Maquetes', 'Lab. Arquitetura', 60, 'Branco', 1, 1, 1, 1, 4),
(78, 'LABINFO', 'LABINFO', 50, 'Branco', 1, 1, 1, 1, 4),
(79, 'LABCON', 'LABCON', 50, 'Branco', 1, 1, 1, 1, 4),
(81, 'LABORATÓRIO DE MALHARIA', 'LABORATÓRIO DE MALHARIA', 50, 'Negro/Branco', 1, 1, 1, 1, 4),
(85, '4H1', '4H1', 30, 'Branco', 1, 1, 1, 3, 1),
(86, '4D2', 'INFORMÁTICA', 40, 'Branco', 1, 1, 1, 2, 1),
(90, 'LABORATÓRIO DE ARQUITETURA', 'LABORATÓRIO DE MECÂNICA DOS FLUIDOS ', 50, 'Branco', 1, 1, 1, 1, 4),
(91, 'LAB METROLOGIA', 'LAB METROLOGIA', 50, 'Branco', 1, 1, 1, 2, 3),
(94, 'LAB MEC FLUÍDOS', 'LAB MEC FLUÍDOS', 50, 'Branco', 1, 1, 1, 2, 3),
(95, 'LAB MANUFATURA', 'LAB MANUFATURA', 50, 'Branco', 1, 1, 1, 2, 3),
(96, 'LAB TRANSMISSÃO CALOR', 'LAB TRANSMISSÃO CALOR', 50, 'Branco', 1, 1, 1, 2, 3),
(97, 'LAB MAQUETES', 'LAB MAQUETES', 50, 'Branco', 1, 1, 1, 1, 4),
(98, 'LAB ARQUITETURA', 'LAB ARQUITETURA', 50, 'Branco', 1, 1, 1, 1, 4),
(101, 'LAB CIRCUITOS ELETRONICOS', 'LAB CIRCUITOS ELETRONICOS', 50, 'Branco', 1, 1, 1, 2, 3),
(102, 'LAB MALHARIA', 'LAB MALHARIA', 50, 'Branco', 1, 1, 1, 2, 5),
(103, 'LABTEX', 'LABTEX', 50, 'Branco', 1, 1, 1, 2, 5),
(104, 'LAB VESTUÁRIO', 'LAB VESTUÁRIO', 50, 'Branco', 1, 1, 1, 2, 5),
(105, 'SALA DE LABTEX', 'SALA DE LABTEX', 50, 'Branco', 1, 1, 1, 1, 5),
(106, 'LABCMAT', 'LABCMAT', 50, 'Branco', 1, 1, 1, 2, 5),
(107, 'LABCAD', 'LABCAD', 50, 'Branco', 1, 1, 1, 2, 5),
(108, 'LAB GRADUAÇÃO', 'LAB GRADUAÇÃO', 50, 'Branco', 1, 1, 1, 2, 6),
(109, 'LAB CONTROLE', 'LAB CONTROLE', 50, 'Branco', 1, 1, 1, 2, 6),
(110, 'LAB ENERGIA', 'LAB ENERGIA', 50, 'Branco', 1, 1, 1, 2, 3),
(111, 'LAB OPERAÇÕES UNITÁRIAS I E II', 'LAB OPERAÇÕES UNITÁRIAS I E II', 50, 'Branco', 1, 1, 1, 2, 3),
(112, 'NTI', 'NTI', 50, 'Branco', 1, 1, 1, 2, 3),
(113, 'LAB GRADUAÇÃO', 'LAB GRADUAÇÃO', 50, 'Branco', 1, 1, 1, 2, 6),
(114, 'ÁTRIO E SALA MAQUETES', 'ÁTRIO E SALA MAQUETES', 50, 'Branco', 1, 1, 1, 1, 4),
(115, 'LAB INFORMÁTICA ENG. PRODUÇÃO', 'LAB INFORMÁTICA ENG. PRODUÇÃO', 50, 'Branco', 1, 1, 1, 1, 4),
(116, 'LABTEX 2', 'LABTEX 2', 50, 'Branco', 1, 1, 1, 2, 5),
(117, 'LABTEX 3', 'LABTEX 3', 50, 'Branco', 1, 1, 1, 2, 5),
(118, 'LAB DE CIRCUITOS ELETRONICOS', 'LAB DE CIRCUITOS ELETRONICOS', 50, 'Branco', 1, 1, 1, 2, 3),
(119, 'LAB DE CIRCUITOS ELETRONICOS 2', 'LAB DE CIRCUITOS ELETRONICOS 2', 50, 'Branco', 1, 1, 1, 2, 3),
(120, 'LAB DE COMUNICAÇÕES 1', 'LAB DE COMUNICAÇÕES 1', 50, 'Branco', 1, 1, 1, 2, 3),
(121, 'LAB DE COMUNICAÇÕES 2', 'LAB DE COMUNICAÇÕES 2', 50, 'Branco', 1, 1, 1, 2, 3),
(122, 'LAB DE SISTEMAS DIGITAIS', 'LAB DE SISTEMAS DIGITAIS', 50, 'Branco', 1, 1, 1, 2, 3),
(123, 'LAB DE SISTEMAS DIGITAIS 2', 'LAB DE SISTEMAS DIGITAIS 2', 50, 'Branco', 1, 1, 1, 2, 3),
(124, 'LAB DE OPERAÇÕES UNITÁRIAS I', 'LAB DE OPERAÇÕES UNITÁRIAS I', 50, 'Branco', 1, 1, 1, 2, 3),
(125, 'LABORATÓRIO DE OPERAÇÕES UNITÁRIAS II', 'LABORATÓRIO DE OPERAÇÕES UNITÁRIAS II', 50, 'Branco', 1, 1, 1, 2, 3),
(126, 'ECT', 'ECT', 50, 'Branco', 1, 1, 1, 2, 2),
(128, 'NTI II', 'NTI II', 50, 'Branco', 1, 1, 1, 2, 3),
(129, 'DCA-LAMP', 'DCA-LAMP', 50, 'Branco', 1, 0, 1, 2, 6),
(130, 'DCA-SALA 1', 'DCA-SALA 1', 50, 'Branco', 1, 0, 1, 2, 6),
(131, 'DCA- SALA 9', 'DCA-SALA 9', 50, 'Branco', 1, 0, 1, 2, 5),
(132, 'DCA- SALA 9', 'DCA-SALA 9', 50, 'Branco', 1, 0, 1, 2, 6),
(133, 'AUDITORIO NUPEG', 'AUDITORIO NUPEG', 50, 'Branco', 1, 0, 1, 1, 3),
(134, 'TERMODINAMICA EXPERIMENTAL I E II', 'TERMODINAMICA EXPERIMENTAL I E II', 50, 'Branco', 1, 0, 1, 2, 3),
(135, 'Laboratório de Mecânica dos Fluídos', 'Laboratório de Mecânica dos Fluídos', 40, 'Branco', 1, 0, 1, 2, 3);

INSERT INTO `chave` (`id_chave`, `codigo_chave`, `id_sala`) VALUES
(1, '0401011', 1),
(2, '0401012', 1),
(3, '0401013', 1),
(4, '0401021', 2),
(5, '0401022', 2),
(6, '0401023', 2),
(7, '0401031', 3),
(8, '0401032', 3),
(9, '0401033', 3),
(10, '0401041', 4),
(11, '0401042', 4),
(12, '0401043', 4),
(13, '0401051', 5),
(14, '0401052', 5),
(15, '0401053', 5),
(16, '0401061', 6),
(17, '0401062', 6),
(18, '0401063', 6),
(19, '0401071', 7),
(20, '0401072', 7),
(21, '0401073', 7),
(22, '0401081', 8),
(23, '0401082', 8),
(24, '0401083', 8),
(25, '0401091', 9),
(26, '0401092', 9),
(27, '0401093', 9),
(28, '0401101', 10),
(29, '0401102', 10),
(30, '0401103', 10),
(31, '0402011', 11),
(32, '0402012', 11),
(33, '0402013', 11),
(34, '0402021', 12),
(35, '0402022', 12),
(36, '0402023', 12),
(37, '0402031', 13),
(38, '0402032', 13),
(39, '0402033', 13),
(40, '0402041', 14),
(41, '0402042', 14),
(42, '0402043', 14),
(43, '0402051', 59),
(44, '0402052', 59),
(45, '0402053', 59),
(46, '0403011', 15),
(47, '0403012', 15),
(48, '0403013', 15),
(49, '0403021', 16),
(50, '0403022', 16),
(51, '0403023', 16),
(52, '0403031', 17),
(53, '0403032', 17),
(54, '0403033', 17),
(55, '0403041', 18),
(56, '0403042', 18),
(57, '0403043', 18),
(58, '0403051', 19),
(59, '0403052', 19),
(60, '0403053', 19),
(61, '0403061', 20),
(62, '0403062', 20),
(63, '0403063', 20),
(64, '0405031', 23),
(65, '0405032', 23),
(66, '0405033', 23),
(67, '0405041', 55),
(68, '0405042', 55),
(69, '0405043', 55),
(70, '0405051', 24),
(71, '0405052', 24),
(72, '0405053', 24),
(73, '0405061', 25),
(74, '0405062', 25),
(75, '0405063', 25),
(76, '0406011', 26),
(77, '0406012', 26),
(78, '0406013', 26),
(79, '0406021', 27),
(80, '0406022', 27),
(81, '0406023', 27),
(82, '0406031', 28),
(83, '0406032', 28),
(84, '0406033', 28),
(85, '0406041', 29),
(86, '0406042', 29),
(87, '0406043', 29),
(88, '0407011', 57),
(89, '0407012', 57),
(90, '0407013', 57),
(91, '0407021', 32),
(92, '0407022', 32),
(93, '0407023', 32),
(94, '0407031', 33),
(95, '0407032', 33),
(96, '0407033', 33),
(97, '0407041', 35),
(98, '0407042', 35),
(99, '0407043', 35),
(100, '0407051', 36),
(101, '0407052', 36),
(102, '0407053', 36),
(103, '0407061', 37),
(104, '0407062', 37),
(105, '0407063', 37),
(106, '0408021', 52),
(107, '0408022', 52),
(108, '0408023', 52),
(109, '0408031', 53),
(110, '0408032', 53),
(111, '0408033', 53),
(112, '0408041', 54),
(113, '0408042', 54),
(114, '0408043', 54),
(115, '0409021', 42),
(116, '0409022', 42),
(117, '0409023', 42),
(118, '0409031', 43),
(119, '0409032', 43),
(120, '0409033', 43),
(121, '0409041', 44),
(122, '0409042', 44),
(123, '0409043', 44),
(124, '0409051', 45),
(125, '0409052', 45),
(126, '0409053', 45),
(127, '0409061', 46),
(128, '0409062', 46),
(129, '0409063', 46),
(130, '0409071', 47),
(131, '0409072', 47),
(132, '0409073', 47),
(133, '0409081', 48),
(134, '0409082', 48),
(135, '0409083', 48),
(136, '0409091', 49),
(137, '0409092', 49),
(138, '0409093', 49),
(139, '0409101', 50),
(140, '0409102', 50),
(141, '0409103', 50);

INSERT INTO turma(id_turma, codigo_componente_turma, nome_componente_turma, nome_docente_turma, horario_turma, capacidade_turma, departamento_turma, numero_turma, alunos_matriculados_turma, distribuir, local, id_tipo, id_predio, id_periodo) VALUES
(14, 'DEQ0030', 'INTRODUÇÃO AO TRABALHO DE CONCLUSÃO DE CURSO', 'KATIA NICOLAU MATSUI', '4N34', 40, 'CT - COORDENAÇÃO DO CURSO DE ENGENHARIA DE ALIMENTOS', 1, 0, 1, 'INDEFINIDO', 1, 1, 1),
(15, 'ARQ0002', 'DESENHO TECNICO', 'MISSLENE PEREIRA DA SILVA', '24T12', 25, 'DEPARTAMENTO DE ARQUITETURA', 1, 0, 1, 'INDEFINIDO', 3, 1, 1),
(16, 'ARQ0002', 'DESENHO TECNICO', 'A DEFINIR DOCENTE', '24T34', 25, 'DEPARTAMENTO DE ARQUITETURA', 2, 0, 1, 'INDEFINIDO', 3, 1, 1),
(17, 'ARQ0002', 'DESENHO TECNICO', 'GABRIEL LEOPOLDINO PAULO DE MEDEIROS', '36M56', 40, 'DEPARTAMENTO DE ARQUITETURA', 3, 0, 1, 'INDEFINIDO', 1, 1, 1),
(18, 'ARQ0030', 'EXPRESSAO GRAFICA', 'A DEFINIR DOCENTE', '35N12', 25, 'DEPARTAMENTO DE ARQUITETURA', 1, 0, 1, 'INDEFINIDO', 3, 1, 1),
(19, 'ARQ0030', 'EXPRESSAO GRAFICA', 'JESONIAS DA SILVA OLIVEIRA', '35T56', 25, 'DEPARTAMENTO DE ARQUITETURA', 2, 0, 1, 'INDEFINIDO', 3, 1, 1),
(20, 'ARQ0030', 'EXPRESSAO GRAFICA', 'GABRIEL LEOPOLDINO PAULO DE MEDEIROS', '24T12', 50, 'DEPARTAMENTO DE ARQUITETURA', 3, 0, 1, 'INDEFINIDO', 3, 1, 1),
(21, 'ARQ0030', 'EXPRESSAO GRAFICA', 'MONICA MARIA FERNANDES DE LIMA', '24N12', 20, 'DEPARTAMENTO DE ARQUITETURA', 4, 0, 1, 'INDEFINIDO', 3, 1, 1),
(22, 'ARQ0030', 'EXPRESSAO GRAFICA', 'A DEFINIR DOCENTE', '24N34', 20, 'DEPARTAMENTO DE ARQUITETURA', 5, 0, 1, 'INDEFINIDO', 3, 1, 1),
(23, 'ARQ0030', 'EXPRESSAO GRAFICA', 'A DEFINIR DOCENTE', '35N34', 40, 'DEPARTAMENTO DE ARQUITETURA', 6, 0, 1, 'INDEFINIDO', 3, 1, 1),
(24, 'ARQ0243', 'MAQUETES E PROTOTIPOS', 'PAULO HEIDER FORTE FEIJO', '2T456', 30, 'DEPARTAMENTO DE ARQUITETURA', 1, 0, 1, 'INDEFINIDO', 1, 1, 1),
(25, 'ARQ0244', 'MULTIMEIOS', 'PAULO HEIDER FORTE FEIJO', '2T123', 30, 'DEPARTAMENTO DE ARQUITETURA', 1, 0, 1, 'INDEFINIDO', 1, 1, 1),
(26, 'ARQ0247', 'BOTANICA APLICADA AO MEIO AMBIENTE', 'EUGENIO MARIANO FONSECA DE MEDEIROS', '5N123', 60, 'DEPARTAMENTO DE ARQUITETURA', 1, 0, 1, 'INDEFINIDO', 1, 1, 1),
(27, 'ARQ0251', 'ARQUITETURA DE INTERIORES II', 'CARLA VARELA DE ALBUQUERQUE ARAUJO', '3N1234', 25, 'DEPARTAMENTO DE ARQUITETURA', 1, 0, 1, 'INDEFINIDO', 1, 1, 1),
(28, 'ARQ0266', 'TOPICOS ESPECIAIS EM ARQUITETURA E URBANISMO 02', 'MISSLENE PEREIRA DA SILVA', '5M23', 30, 'DEPARTAMENTO DE ARQUITETURA', 1, 0, 1, 'INDEFINIDO', 1, 1, 1),
(29, 'ARQ0267', 'TOPICOS ESPECIAIS EM ARQUITETURA E URBANISMO 03', 'MISSLENE PEREIRA DA SILVA', '5M456', 30, 'DEPARTAMENTO DE ARQUITETURA', 1, 0, 1, 'INDEFINIDO', 1, 1, 1),
(32, 'ARQ0268', 'PESQUISA APLICADA A ARQUITETURA E URBANISMO', 'MARCELO BEZERRA DE MELO TINOCO', '7M234', 30, 'DEPARTAMENTO DE ARQUITETURA', 1, 0, 1, 'INDEFINIDO', 3, 1, 1),
(33, 'ARQ0510', 'INTRODUÇÃO À ARQUITETURA E AO URBANISMO', 'GABRIEL LEOPOLDINO PAULO DE MEDEIROS', '4M123', 25, 'DEPARTAMENTO DE ARQUITETURA', 1, 0, 1, 'INDEFINIDO', 1, 1, 1),
(34, 'ARQ0511', 'GEOMETRIA GRAFICA 01', 'MONICA MARIA FERNANDES DE LIMA', '35M456', 25, 'DEPARTAMENTO DE ARQUITETURA', 1, 0, 1, 'INDEFINIDO', 1, 1, 1),
(35, 'ARQ0512', 'DESENHO ARTISTICO 01', 'MARIZO VITOR PEREIRA', '4M456', 25, 'DEPARTAMENTO DE ARQUITETURA', 1, 0, 1, 'INDEFINIDO', 3, 1, 1),
(36, 'ARQ0513', 'DESENHO DE ARQUITETURA 01', 'JESONIAS DA SILVA OLIVEIRA', '2N1234', 25, 'DEPARTAMENTO DE ARQUITETURA', 1, 0, 1, 'INDEFINIDO', 3, 1, 1),
(37, 'ARQ0514', 'ESPACO E FORMA 01', 'VERNER MAX LIGER DE MELLO MONTEIRO', '2M2345', 25, 'DEPARTAMENTO DE ARQUITETURA', 1, 0, 1, 'INDEFINIDO', 3, 1, 1),
(38, 'ARQ0515', 'METODOS E TECNICAS', 'MISSLENE PEREIRA DA SILVA', '6M456', 25, 'DEPARTAMENTO DE ARQUITETURA', 1, 0, 1, 'INDEFINIDO', 1, 1, 1),
(39, 'ARQ0516', 'ESTETICA E HISTORIA DAS ARTES 01', 'MARIZO VITOR PEREIRA', '36M123', 25, 'DEPARTAMENTO DE ARQUITETURA', 1, 0, 1, 'INDEFINIDO', 1, 1, 1),
(40, 'ARQ0521', 'GEOMETRIA GRAFICA 02', 'JESONIAS DA SILVA OLIVEIRA', '46M123', 25, 'DEPARTAMENTO DE ARQUITETURA', 1, 0, 1, 'INDEFINIDO', 3, 1, 1),
(41, 'ARQ0522', 'DESENHO ARTISTICO 02', 'CARLOS ALEJANDRO NOME SILVA', '3M456', 25, 'DEPARTAMENTO DE ARQUITETURA', 1, 0, 1, 'INDEFINIDO', 3, 1, 1),
(42, 'ARQ0523', 'DESENHO DE ARQUITETURA 02', 'FABRICIO DE PAULA LEITAO', '2M3456', 25, 'DEPARTAMENTO DE ARQUITETURA', 1, 0, 1, 'INDEFINIDO', 3, 1, 1),
(43, 'ARQ0524', 'ESPAÇO E FORMA 02', 'MARIZO VITOR PEREIRA', '5M3456', 25, 'DEPARTAMENTO DE ARQUITETURA', 1, 0, 1, 'INDEFINIDO', 3, 1, 1),
(44, 'ARQ0525', 'FUNDAMENTOS SOCIAIS DA ARQUITETURA E URBANISMO', 'GIOVANA PAIVA DE OLIVEIRA', '4M456', 25, 'DEPARTAMENTO DE ARQUITETURA', 1, 0, 1, 'INDEFINIDO', 1, 1, 1),
(45, 'ARQ0526', 'ESTETICA E HISTORIA DAS ARTES 02', 'EUGENIO MARIANO FONSECA DE MEDEIROS', '3M23 6M45', 25, 'DEPARTAMENTO DE ARQUITETURA', 1, 0, 1, 'INDEFINIDO', 1, 1, 1),
(46, 'ARQ0527', 'TECNOLOGIA DA CONSTRUÇÃO 01', 'RENATO DE MEDEIROS', '25M12', 25, 'DEPARTAMENTO DE ARQUITETURA', 1, 0, 1, 'INDEFINIDO', 1, 1, 1),
(47, 'ARQ0530', 'INTRODUÇÃO AO DESENHO COMPUTACIONAL', 'EUNADIA SILVA CAVALCANTE', '6M34', 20, 'DEPARTAMENTO DE ARQUITETURA', 1, 0, 1, 'INDEFINIDO', 2, 1, 1),
(48, 'ARQ0530', 'INTRODUÇÃO AO DESENHO COMPUTACIONAL', 'EUNADIA SILVA CAVALCANTE', '6M56', 20, 'DEPARTAMENTO DE ARQUITETURA', 2, 0, 1, 'INDEFINIDO', 2, 1, 1),
(49, 'ARQ0530', 'INTRODUÇÃO AO DESENHO COMPUTACIONAL', 'EUNADIA SILVA CAVALCANTE', '3T23', 20, 'DEPARTAMENTO DE ARQUITETURA', 3, 0, 1, 'INDEFINIDO', 2, 1, 1),
(50, 'ARQ0531', 'COMUNICACAO VISUAL', 'EUNADIA SILVA CAVALCANTE', '3M3456', 25, 'DEPARTAMENTO DE ARQUITETURA', 1, 0, 1, 'INDEFINIDO', 3, 1, 1),
(51, 'ARQ0532', 'PROJETO DE ARQUITETURA 01', 'CARLA VARELA DE ALBUQUERQUE ARAUJO', '5M3456', 25, 'DEPARTAMENTO DE ARQUITETURA', 1, 0, 1, 'INDEFINIDO', 3, 1, 1),
(52, 'ARQ0533', 'PLANEJAMENTO E PROJETO URB. E REGIONAL 01', 'MISSLENE PEREIRA DA SILVA', '4M456', 25, 'DEPARTAMENTO DE ARQUITETURA', 1, 0, 1, 'INDEFINIDO', 3, 1, 1),
(53, 'ARQ0534', 'HISTORIA E TEORIA DA ARQUITETURA E URB. 01', 'JOSE CLEWTON DO NASCIMENTO', '2M345 4M123', 25, 'DEPARTAMENTO DE ARQUITETURA', 1, 0, 1, 'INDEFINIDO', 1, 1, 1),
(54, 'ARQ0535', 'TOPOGRAFIA', 'KLEITON CASSEMIRO DO NASCIMENTO', '26M12', 25, 'DEPARTAMENTO DE ARQUITETURA', 1, 0, 1, 'INDEFINIDO', 1, 1, 1),
(55, 'ARQ0536', 'TECNOLOGIA DA CONSTRUCAO 02', 'RENATO DE MEDEIROS', '6M3456', 25, 'DEPARTAMENTO DE ARQUITETURA', 1, 0, 1, 'INDEFINIDO', 1, 1, 1),
(56, 'ARQ0537', 'FUNDAMENTOS DAS ESTRUTURAS 01', 'PETRUS GORGONIO BULHOES DA NOBREGA', '35M12', 25, 'DEPARTAMENTO DE ARQUITETURA', 1, 0, 1, 'INDEFINIDO', 1, 1, 1),
(57, 'ARQ0541', 'DESENHO AUXILIADO POR COMPUTADOR 01', 'HELIO TAKASHI MACIEL DE FARIAS', '6M1234', 25, 'DEPARTAMENTO DE ARQUITETURA', 1, 0, 1, 'INDEFINIDO', 1, 1, 1),
(58, 'ARQ0542', 'PROJETO DE ARQUITETURA 02', 'NATALIA MIRANDA VIEIRA DE ARAUJO', '4M23456', 25, 'DEPARTAMENTO DE ARQUITETURA', 1, 0, 1, 'INDEFINIDO', 1, 1, 1),
(59, 'ARQ0543', 'PSICOLOGIA AMBIENTAL 01', 'GLEICE VIRGINIA MEDEIROS DE AZAMBUJA ELALI', '3M456', 25, 'DEPARTAMENTO DE ARQUITETURA', 1, 0, 1, 'INDEFINIDO', 1, 1, 1),
(60, 'ARQ0544', 'PLANEJAMENTO E PROJETO URB. E REGIONAL 02', 'RUTH MARIA DA COSTA ATAIDE', '5M456', 25, 'DEPARTAMENTO DE ARQUITETURA', 1, 0, 1, 'INDEFINIDO', 1, 1, 1),
(61, 'ARQ0545', 'HISTORIA E TEORIA DA ARQUITETURA E URB. 02', 'EDJA BEZERRA FARIA TRIGUEIRO', '4N1234', 25, 'DEPARTAMENTO DE ARQUITETURA', 1, 0, 1, 'INDEFINIDO', 1, 1, 1),
(62, 'ARQ0546', 'FUNDAMENTOS AMBIENTAIS', 'ALINE DANTAS DE ARAUJO DAMORE', '2M234', 25, 'DEPARTAMENTO DE ARQUITETURA', 1, 0, 1, 'INDEFINIDO', 1, 1, 1),
(63, 'ARQ0547', 'INSTALACOES 01', 'SOLANGE VIRGINIA GALARCA GOULART', '26M56', 25, 'DEPARTAMENTO DE ARQUITETURA', 1, 0, 1, 'INDEFINIDO', 1, 1, 1),
(64, 'ARQ0548', 'FUNDAMENTOS DAS ESTRUTURAS 02', 'EDNA MOURA PINTO', '35M23', 25, 'DEPARTAMENTO DE ARQUITETURA', 1, 0, 1, 'INDEFINIDO', 1, 1, 1),
(65, 'ARQ0551', 'DESENHO AUXILIADO POR COMPUTADOR 02', 'CARLOS ALEJANDRO NOME SILVA', '2M1234', 25, 'DEPARTAMENTO DE ARQUITETURA', 1, 0, 1, 'INDEFINIDO', 1, 1, 1),
(66, 'ARQ0552', 'PROJETO DE ARQUITETURA 03', 'MARCELO BEZERRA DE MELO TINOCO', '6M23456', 25, 'DEPARTAMENTO DE ARQUITETURA', 1, 0, 1, 'INDEFINIDO', 3, 1, 1),
(67, 'ARQ0553', 'PLANEJAMENTO DA PAISAGEM 01', 'EUGENIO MARIANO FONSECA DE MEDEIROS', '5M456', 25, 'DEPARTAMENTO DE ARQUITETURA', 1, 0, 1, 'INDEFINIDO', 3, 1, 1),
(70, 'ARQ0556', 'CONFORTO AMBIENTAL 01', 'ALDOMAR PEDRINI', '4M234', 25, 'DEPARTAMENTO DE ARQUITETURA', 1, 0, 1, 'INDEFINIDO', 1, 1, 1),
(71, 'ARQ0557', 'ESTRUTURAS 01', 'PETRUS GORGONIO BULHOES DA NOBREGA', '24M56', 25, 'DEPARTAMENTO DE ARQUITETURA', 1, 0, 1, 'INDEFINIDO', 1, 1, 1),
(72, 'ARQ0561', 'PROJETO DE ARQUITETURA 04', 'FABRICIO DE PAULA LEITAO', '4T345 6T456', 25, 'DEPARTAMENTO DE ARQUITETURA', 1, 0, 1, 'INDEFINIDO', 1, 1, 1),
(73, 'ARQ0562', 'PLANEJAMENTO DA PAISAGEM 02', 'PAULO JOSE LISBOA NOBRE', '2T456', 25, 'DEPARTAMENTO DE ARQUITETURA', 1, 0, 1, 'INDEFINIDO', 3, 1, 1),
(74, 'ARQ0563', 'PLANEJAMENTO E PROJETO URBANO E REGIONAL 04', 'VERONICA MARIA FERNANDES DE LIMA', '3T456 5T34', 25, 'DEPARTAMENTO DE ARQUITETURA', 1, 0, 1, 'INDEFINIDO', 3, 1, 1),
(75, 'ARQ0564', 'HISTORIA E TEORIA DA ARQUITETURA E URBANISMO 04', 'GEORGE ALEXANDRE FERREIRA DANTAS', '4N1234', 25, 'DEPARTAMENTO DE ARQUITETURA', 1, 0, 1, 'INDEFINIDO', 1, 1, 1),
(76, 'ARQ0565', 'CONFORTO AMBIENTAL 02', 'ALDOMAR PEDRINI', '6T123', 25, 'DEPARTAMENTO DE ARQUITETURA', 1, 0, 1, 'INDEFINIDO', 1, 1, 1),
(77, 'ARQ0566', 'INSTALACOES 02', 'SOLANGE VIRGINIA GALARCA GOULART', '3T23 5T56', 25, 'DEPARTAMENTO DE ARQUITETURA', 1, 0, 1, 'INDEFINIDO', 1, 1, 1),
(78, 'ARQ0567', 'ESTRUTURAS 02', 'EDNA MOURA PINTO', '45T12', 25, 'DEPARTAMENTO DE ARQUITETURA', 1, 0, 1, 'INDEFINIDO', 1, 1, 1),
(79, 'ARQ0571', 'DETALHES DE REPRESENTACAO GRAFICA EM AU', 'HELIO TAKASHI MACIEL DE FARIAS', '2T56 4T12', 25, 'DEPARTAMENTO DE ARQUITETURA', 1, 0, 1, 'INDEFINIDO', 1, 1, 1),
(80, 'ARQ0572', 'PROJETO DE ARQUITETURA 05', 'MAISA FERNANDES DUTRA VELOSO', '35T456', 25, 'DEPARTAMENTO DE ARQUITETURA', 1, 0, 1, 'INDEFINIDO', 1, 1, 1),
(81, 'ARQ0573', 'PLANEJAMENTO DA PAISAGEM 03', 'PAULO JOSE LISBOA NOBRE', '6T123', 25, 'DEPARTAMENTO DE ARQUITETURA', 1, 0, 1, 'INDEFINIDO', 3, 1, 1),
(82, 'ARQ0574', 'PLANEJAMENTO E PROJETO URBANO E REGIONAL 05', 'RUTH MARIA DA COSTA ATAIDE', '4T345 6T456', 25, 'DEPARTAMENTO DE ARQUITETURA', 1, 0, 1, 'INDEFINIDO', 3, 1, 1),
(83, 'ARQ0575', 'PRESERVACAO E TECNICAS RETROSPECTIVAS', 'PAULO HEIDER FORTE FEIJO', '5T123', 25, 'DEPARTAMENTO DE ARQUITETURA', 1, 0, 1, 'INDEFINIDO', 1, 1, 1),
(84, 'ARQ0576', 'CONFORTO AMBIENTAL 03', 'BIANCA CARLA DANTAS DE ARAUJO', '3T123', 25, 'DEPARTAMENTO DE ARQUITETURA', 1, 0, 1, 'INDEFINIDO', 1, 1, 1),
(85, 'ARQ0581', 'PROJETO DE ARQUITETURA 06', 'RONALD LIMA DE GOIS', '3T2345 5T3456', 25, 'DEPARTAMENTO DE ARQUITETURA', 1, 0, 1, 'INDEFINIDO', 3, 1, 1),
(86, 'ARQ0582', 'PLANEJAMENTO E PROJETO URBANO E REGIONAL 06', 'MARIA DULCE PICANCO BENTES SOBRINHA', '46T2345', 25, 'DEPARTAMENTO DE ARQUITETURA', 1, 0, 1, 'INDEFINIDO', 1, 1, 1),
(87, 'ARQ0583', 'PRATICA PROFISSIONAL', 'ALINE DANTAS DE ARAUJO DAMORE', '25T12', 25, 'DEPARTAMENTO DE ARQUITETURA', 1, 0, 1, 'INDEFINIDO', 1, 1, 1),
(88, 'ARQ0584', 'TECNOLOGIA DA CONSTRUCAO 03', 'RENATO DE MEDEIROS', '2T456', 25, 'DEPARTAMENTO DE ARQUITETURA', 1, 0, 1, 'INDEFINIDO', 1, 1, 1),
(89, 'ARQ0591', 'ATELIER INTEGRADO DE ARQUITETURA E URBANISMO', 'MARIA CRISTINA DE MORAIS', '35T123456', 25, 'DEPARTAMENTO DE ARQUITETURA', 1, 0, 1, 'INDEFINIDO', 3, 1, 1),
(92, 'ARQ0592', 'INTRODUCAO AO TRABALHO FINAL DE GRADUACAO', 'NATALIA MIRANDA VIEIRA DE ARAUJO', '4T3456', 25, 'DEPARTAMENTO DE ARQUITETURA', 1, 0, 1, 'INDEFINIDO', 3, 1, 1),
(94, 'DEB0501', 'BASES CINESIOLÓGICAS E BIOMECÂNICAS DO MOVIMENTO HUMANO', 'LUCIANA DE ANDRADE MENDES', '356N34', 20, 'DEPARTAMENTO DE ENGENHARIA BIOMEDICA', 4, 0, 1, 'INDEFINIDO', 1, 1, 1),
(95, 'DEB0502', 'INTRODUÇÃO À ENGENHARIA BIOMÉDICA', 'DANILO ALVES PINTO NAGEM', '6N12', 40, 'DEPARTAMENTO DE ENGENHARIA BIOMEDICA', 3, 0, 1, 'INDEFINIDO', 1, 1, 1),
(96, 'DEB0503', 'SISTEMAS DE INFORMAÇÃO NA SAÚDE', 'HELIANA BEZERRA SOARES', '35N12', 40, 'DEPARTAMENTO DE ENGENHARIA BIOMEDICA', 3, 0, 1, 'INDEFINIDO', 2, 1, 1),
(97, 'DEB0601', 'IMPLANTES ODONTO-MÉDICOS', 'CUSTODIO LEOPOLDINO DE BRITO GUERRA NETO', '35N12', 40, 'DEPARTAMENTO DE ENGENHARIA BIOMEDICA', 3, 0, 1, 'INDEFINIDO', 1, 1, 1),
(98, 'DEB0602', 'PROCESSOS E CERTIFICAÇÃO DE SOFTWARE EM SAÚDE', 'RICARDO ALEXSANDRO DE MEDEIROS VALENTIM', '26N34', 40, 'DEPARTAMENTO DE ENGENHARIA BIOMEDICA', 3, 0, 1, 'INDEFINIDO', 1, 1, 1),
(99, 'DEB0603', 'SINAIS E SISTEMAS', 'ANA MARIA GUIMARAES GUERREIRO', '46N12', 40, 'DEPARTAMENTO DE ENGENHARIA BIOMEDICA', 3, 0, 1, 'INDEFINIDO', 1, 1, 1),
(100, 'DEB0701', 'RESISTÊNCIA DOS MATERIAIS', 'KARILANY DANTAS COUTINHO', '2N34 3N12', 40, 'DEPARTAMENTO DE ENGENHARIA BIOMEDICA', 3, 0, 1, 'INDEFINIDO', 1, 1, 1),
(101, 'DEB0705', 'ELETRÔNICA ANALÓGICA', 'GLAUCIO BEZERRA BRANDAO', '4N34 6N12', 40, 'DEPARTAMENTO DE ENGENHARIA BIOMEDICA', 3, 0, 1, 'INDEFINIDO', 1, 1, 1),
(102, 'DEB0706', 'BIOSSEGURANÇA E BIOÉTICA', 'A DEFINIR DOCENTE', '35N34', 40, 'DEPARTAMENTO DE ENGENHARIA BIOMEDICA', 1, 0, 1, 'INDEFINIDO', 1, 1, 1),
(103, 'DEB0707', 'INTRODUÇÃO À NEUROENGENHARIA', 'GEORGE CARLOS DO NASCIMENTO', '5N12 6N34', 40, 'DEPARTAMENTO DE ENGENHARIA BIOMEDICA', 1, 0, 1, 'INDEFINIDO', 1, 1, 1),
(104, 'DEB0708', 'METROLOGIA', 'A DEFINIR DOCENTE', '24N12', 40, 'DEPARTAMENTO DE ENGENHARIA BIOMEDICA', 2, 0, 1, 'INDEFINIDO', 1, 1, 1);

INSERT INTO horario(id_horario, horario, inicio_horario, termino_horario, horario_intermediario, turno, inicio_horario_absoluto, termino_horario_absoluto) VALUES
(1, 1, '06:30:00', '07:50:59', '07:26:00', 'M', '7:00:00', '7:50:00'),
(2, 2, '07:51:00', '08:40:59', '08:15:00', 'M', '7:50:00', '8:40:00'),
(3, 3, '08:41:00', '09:45:59', '09:20:00', 'M', '8:55:00', '9:45:00'),
(4, 4, '09:46:00', '10:35:59', '10:10:00', 'M', '9:45:00', '10:35:00'),
(5, 5, '10:36:00', '11:40:59', '11:15:00', 'M', '10:50:00', '11:40:00'),
(6, 6, '11:41:00', '12:30:59', '12:05:00', 'M', '11:40:00', '12:30:00'),
(7, 1, '12:31:00', '13:50:59', '13:25:00', 'T', '13:00:00', '13:50:00'),
(8, 2, '13:51:00', '14:40:59', '13:15:00', 'T', '13:50:00', '14:40:00'),
(9, 3, '14:41:00', '15:45:59', '15:20:00', 'T', '14:55:00', '15:45:00'),
(10, 4, '15:46:00', '16:35:59', '16:10:00', 'T', '15:45:00', '16:35:00'),
(11, 5, '16:36:00', '17:40:59', '17:15:00', 'T', '16:50:00', '17:40:00'),
(12, 6, '17:41:00', '18:30:59', '18:05:00', 'T', '17:40:00', '18:30:00'),
(13, 1, '18:31:00', '19:35:59', '19:10:00', 'N', '18:45:00', '19:35:00'),
(14, 2, '19:36:00', '20:25:59', '20:00:00', 'N', '19:35:00', '20:25:00'),
(15, 3, '20:26:00', '21:25:59', '21:00:00', 'N', '20:35:00', '21:25:00'),
(16, 4, '21:26:00', '23:00:00', '21:50:00', 'N', '21:25:00', '22:15:00');


INSERT INTO horario_sala(dia_horario_sala, turno_horario_sala, numero_horario) VALUES 
("2", "M", "1"),
("2", "M", "2"),
("2", "M", "3"),
("2", "M", "4"),
("2", "M", "5"),
("2", "M", "6"),
("2", "T", "1"),
("2", "T", "2"),
("2", "T", "3"),
("2", "T", "4"),
("2", "T", "5"),
("2", "T", "6"),
("2", "N", "1"),
("2", "N", "2"),
("2", "N", "3"),
("2", "N", "4"),
("3", "M", "1"),
("3", "M", "2"),
("3", "M", "3"),
("3", "M", "4"),
("3", "M", "5"),
("3", "M", "6"),
("3", "T", "1"),
("3", "T", "2"),
("3", "T", "3"),
("3", "T", "4"),
("3", "T", "5"),
("3", "T", "6"),
("3", "N", "1"),
("3", "N", "2"),
("3", "N", "3"),
("3", "N", "4"),
("4", "M", "1"),
("4", "M", "2"),
("4", "M", "3"),
("4", "M", "4"),
("4", "M", "5"),
("4", "M", "6"),
("4", "T", "1"),
("4", "T", "2"),
("4", "T", "3"),
("4", "T", "4"),
("4", "T", "5"),
("4", "T", "6"),
("4", "N", "1"),
("4", "N", "2"),
("4", "N", "3"),
("4", "N", "4"),
("5", "M", "1"),
("5", "M", "2"),
("5", "M", "3"),
("5", "M", "4"),
("5", "M", "5"),
("5", "M", "6"),
("5", "T", "1"),
("5", "T", "2"),
("5", "T", "3"),
("5", "T", "4"),
("5", "T", "5"),
("5", "T", "6"),
("5", "N", "1"),
("5", "N", "2"),
("5", "N", "3"),
("5", "N", "4"),
("6", "M", "1"),
("6", "M", "2"),
("6", "M", "3"),
("6", "M", "4"),
("6", "M", "5"),
("6", "M", "6"),
("6", "T", "1"),
("6", "T", "2"),
("6", "T", "3"),
("6", "T", "4"),
("6", "T", "5"),
("6", "T", "6"),
("6", "N", "1"),
("6", "N", "2"),
("6", "N", "3"),
("6", "N", "4"),
("7", "M", "1"),
("7", "M", "2"),
("7", "M", "3"),
("7", "M", "4"),
("7", "M", "5"),
("7", "M", "6"),
("7", "T", "1"),
("7", "T", "2"),
("7", "T", "3"),
("7", "T", "4"),
("7", "T", "5"),
("7", "T", "6"),
("7", "N", "1"),
("7", "N", "2"),
("7", "N", "3"),
("7", "N", "4");